Workbook

Sheet Risk Register
A1: Risk ID | B1: Risk Description | C1: Primary Risk Category | D1: Secondary Risk Category | E1: Inherent Likelihood | F1: Inherent Impact | G1: Inherent Risk Score | H1: Existing Controls | I1: Residual Likelihood | J1: Residual Impact | K1: Residual Risk Score | L1: Risk Owner | M1: Risk Treatment | N1: Key Risk Indicator
A2: R01 | B2: GDPR data breach due to unauthorised access to customer information | C2: Compliance Risk | D2: Reputational Risk | E2: 4 | F2: 5 | G2: 20 | H2: Data protection policy, role based access controls, multi factor authentication, encryption of data at rest and in transit, mandatory staff data protection training, periodic access reviews | I2: 2 | J2: 4 | K2: 8 | L2: Head of Compliance | M2: Mitigate | N2: Number of data access violations reported
A3: R02 | B3: Failure to meet regulatory reporting and supervisory requirements | C3: Compliance Risk | D3: Strategic Risk | E3: 3 | F3: 4 | G3: 12 | H3: Compliance monitoring, regulatory reporting calendar | I3: 2 | J3: 3 | K3: 6 | L3: Compliance Manager | M3: Mitigate | N3: Number of overdue regulatory submissions
A4: R03 | B4: Cyber attack resulting in compromise of payment systems | C4: Cyber and Information Technology Risk | D4: Reputational Risk | E4: 4 | F4: 5 | G4: 20 | H4: Network firewalls, intrusion detection and prevention systems, security monitoring and alerting, regular vulnerability scanning, employee security awareness training | I4: 2 | J4: 4 | K4: 8 | L4: IT Security Manager | M4: Mitigate | N4: Number of detected cyber security incidents
A5: R04 | B5: Cloud infrastructure outage impacting availability of payment services | C5: Cyber and Information Technology Risk | D5: Customer Experience Risk | E5: 3 | F5: 4 | G5: 12 | H5: Cloud redundancy and failover configuration, service level agreements with cloud providers, real time system monitoring, incident escalation procedures | I5: 2 | J5: 3 | K5: 6 | L5: Head of IT | M5: Mitigate | N5: System uptime percentage
A6: R05 | B6: Payment processing system downtime causing transaction delays | C6: Operational Risk | D6: Reputational Risk | E6: 3 | F6: 4 | G6: 12 | H6: System monitoring, incident management procedures | I6: 2 | J6: 3 | K6: 6 | L6: Operations Manager | M6: Mitigate | N6: Number of unplanned system outages
A7: R06 | B7: Inadequate incident response procedures leading to prolonged disruption | C7: Operational Risk | D7: Strategic Risk | E7: 3 | F7: 3 | G7: 9 | H7: Incident response plan, regular testing and reviews | I7: 2 | J7: 3 | K7: 6 | L7: Operations Manager | M7: Mitigate | N7: Average incident resolution time
A8: R07 | B8: Fraudulent transactions resulting in financial loss | C8: Financial Risk | D8: Reputational Risk | E8: 4 | F8: 4 | G8: 16 | H8: Transaction monitoring, fraud detection rules | I8: 2 | J8: 3 | K8: 6 | L8: Finance Manager | M8: Mitigate | N8: Number of confirmed fraudulent transactions
A9: R08 | B9: Weak financial controls leading to inaccurate financial reporting | C9: Financial Risk | D9: Compliance Risk | E9: 3 | F9: 4 | G9: 12 | H9: Segregation of duties, internal reviews, audits | I9: 2 | J9: 3 | K9: 6 | L9: Finance Controller | M9: Mitigate | N9: Number of audit findings related to financial controls
A10: R09 | B10: Inability to adapt to changes in regulatory or market conditions | C10: Strategic Risk | D10: Financial Risk | E10: 3 | F10: 4 | G10: 12 | H10: Regulatory horizon scanning, strategic planning reviews | I10: 2 | J10: 3 | K10: 6 | L10: Executive Management | M10: Mitigate | N10: Number of unaddressed regulatory changes
A11: R10 | B11: Loss of competitive position due to emerging fintech competitors | C11: Strategic Risk | D11: Reputational Risk | E11: 3 | F11: 3 | G11: 9 | H11: Market analysis, product innovation initiatives | I11: 2 | J11: 3 | K11: 6 | L11: Chief Executive Officer | M11: Accept | N11: Market share trends
A12: R11 | B12: Negative media coverage following a security or compliance incident | C12: Reputational Risk | D12: Strategic Risk | E12: 3 | F12: 4 | G12: 12 | H12: Crisis communication plan, media management procedures | I12: 2 | J12: 3 | K12: 6 | L12: Head of Communications | M12: Mitigate | N12: Volume of negative media mentions
A13: R12 | B13: Loss of customer trust due to repeated service failures | C13: Reputational Risk | D13: Financial Risk | E13: 3 | F13: 4 | G13: 12 | H13: Service quality monitoring, customer support escalation | I13: 2 | J13: 3 | K13: 6 | L13: Customer Experience Manager | M13: Mitigate | N13: Customer complaint volumes
... A29: R28 | B29: Absence or inadequacy of a Business Continuity Plan resulting in inability to respond effectively to major operational or technology disruptions | C29: Operational Risk | D29: Strategic Risk | E29: 3 | F29: 5 | G29: 15 | H29: Business Continuity Plan, disaster recovery arrangements, data backup procedures, periodic business continuity testing | I29: 2 | J29: 4 | K29: 8 | L29: Head of Operations | M29: Mitigate | N29: Business continuity test success rate

Sheet Heat Map
A1: Inherent Risk Heat Map | K1: Residual Risk Heat Map
B4: Inherent Impact scale | L4: Residual Impact Scale
A5: Inherent Likelihood scale | C5: 1 | D5: 2 | E5: 3 | F5: 4 | G5: 5 | K5: Residual Likelihood Scale | M5: 1 | N5: 2 | O5: 3 | P5: 4 | Q5: 5
B6: 5 | C6: =COUNTIFS('Risk Register'!$E:$E,$B6,'Risk Register'!$F:$F,C$5) -> 0 | D6: =COUNTIFS('Risk Register'!$E:$E,$B6,'Risk Register'!$F:$F,D$5) -> 0 | E6: =COUNTIFS('Risk Register'!$E:$E,$B6,'Risk Register'!$F:$F,E$5) -> 0 | F6: =COUNTIFS('Risk Register'!$E:$E,$B6,'Risk Register'!$F:$F,F$5) -> 0 | G6: =COUNTIFS('Risk Register'!$E:$E,$B6,'Risk Register'!$F:$F,G$5) -> 0 | L6: 5 | M6: =COUNTIFS('Risk Register'!$I:$I,$L6,'Risk Register'!$J:$J,M$5) -> 0 | N6: =COUNTIFS('Risk Register'!$I:$I,$L6,'Risk Register'!$J:$J,N$5) -> 0 | O6: =COUNTIFS('Risk Register'!$I:$I,$L6,'Risk Register'!$J:$J,O$5) -> 0 | P6: =COUNTIFS('Risk Register'!$I:$I,$L6,'Risk Register'!$J:$J,P$5) -> 0 | Q6: =COUNTIFS('Risk Register'!$I:$I,$L6,'Risk Register'!$J:$J,Q$5) -> 0
B7: 4 | C7: =COUNTIFS('Risk Register'!$E:$E,$B7,'Risk Register'!$F:$F,C$5) -> 0 | D7: =COUNTIFS('Risk Register'!$E:$E,$B7,'Risk Register'!$F:$F,D$5) -> 0 | E7: =COUNTIFS('Risk Register'!$E:$E,$B7,'Risk Register'!$F:$F,E$5) -> 0 | F7: =COUNTIFS('Risk Register'!$E:$E,$B7,'Risk Register'!$F:$F,F$5) -> 1 | G7: =COUNTIFS('Risk Register'!$E:$E,$B7,'Risk Register'!$F:$F,G$5) -> 5 | L7: 4 | M7: =COUNTIFS('Risk Register'!$I:$I,$L7,'Risk Register'!$J:$J,M$5) -> 0 | N7: =COUNTIFS('Risk Register'!$I:$I,$L7,'Risk Register'!$J:$J,N$5) -> 0 | O7: =COUNTIFS('Risk Register'!$I:$I,$L7,'Risk Register'!$J:$J,O$5) -> 0 | P7: =COUNTIFS('Risk Register'!$I:$I,$L7,'Risk Register'!$J:$J,P$5) -> 0 | Q7: =COUNTIFS('Risk Register'!$I:$I,$L7,'Risk Register'!$J:$J,Q$5) -> 0
B8: 3 | C8: =COUNTIFS('Risk Register'!$E:$E,$B8,'Risk Register'!$F:$F,C$5) -> 0 | D8: =COUNTIFS('Risk Register'!$E:$E,$B8,'Risk Register'!$F:$F,D$5) -> 0 | E8: =COUNTIFS('Risk Register'!$E:$E,$B8,'Risk Register'!$F:$F,E$5) -> 3 | F8: =COUNTIFS('Risk Register'!$E:$E,$B8,'Risk Register'!$F:$F,F$5) -> 16 | G8: =COUNTIFS('Risk Register'!$E:$E,$B8,'Risk Register'!$F:$F,G$5) -> 3 | L8: 3 | M8: =COUNTIFS('Risk Register'!$I:$I,$L8,'Risk Register'!$J:$J,M$5) -> 0 | N8: =COUNTIFS('Risk Register'!$I:$I,$L8,'Risk Register'!$J:$J,N$5) -> 0 | O8: =COUNTIFS('Risk Register'!$I:$I,$L8,'Risk Register'!$J:$J,O$5) -> 0 | P8: =COUNTIFS('Risk Register'!$I:$I,$L8,'Risk Register'!$J:$J,P$5) -> 0 | Q8: =COUNTIFS('Risk Register'!$I:$I,$L8,'Risk Register'!$J:$J,Q$5) -> 0
B9: 2 | C9: =COUNTIFS('Risk Register'!$E:$E,$B9,'Risk Register'!$F:$F,C$5) -> 0 | D9: =COUNTIFS('Risk Register'!$E:$E,$B9,'Risk Register'!$F:$F,D$5) -> 0 | E9: =COUNTIFS('Risk Register'!$E:$E,$B9,'Risk Register'!$F:$F,E$5) -> 0 | F9: =COUNTIFS('Risk Register'!$E:$E,$B9,'Risk Register'!$F:$F,F$5) -> 0 | G9: =COUNTIFS('Risk Register'!$E:$E,$B9,'Risk Register'!$F:$F,G$5) -> 0 | L9: 2 | M9: =COUNTIFS('Risk Register'!$I:$I,$L9,'Risk Register'!$J:$J,M$5) -> 0 | N9: =COUNTIFS('Risk Register'!$I:$I,$L9,'Risk Register'!$J:$J,N$5) -> 0 | O9: =COUNTIFS('Risk Register'!$I:$I,$L9,'Risk Register'!$J:$J,O$5) -> 20 | P9: =COUNTIFS('Risk Register'!$I:$I,$L9,'Risk Register'!$J:$J,P$5) -> 8 | Q9: =COUNTIFS('Risk Register'!$I:$I,$L9,'Risk Register'!$J:$J,Q$5) -> 0
B10: 1 | C10: =COUNTIFS('Risk Register'!$E:$E,$B10,'Risk Register'!$F:$F,C$5) -> 0 | D10: =COUNTIFS('Risk Register'!$E:$E,$B10,'Risk Register'!$F:$F,D$5) -> 0 | E10: =COUNTIFS('Risk Register'!$E:$E,$B10,'Risk Register'!$F:$F,E$5) -> 0 | F10: =COUNTIFS('Risk Register'!$E:$E,$B10,'Risk Register'!$F:$F,F$5) -> 0 | G10: =COUNTIFS('Risk Register'!$E:$E,$B10,'Risk Register'!$F:$F,G$5) -> 0 | L10: 1 | M10: =COUNTIFS('Risk Register'!$I:$I,$L10,'Risk Register'!$J:$J,M$5) -> 0 | N10: =COUNTIFS('Risk Register'!$I:$I,$L10,'Risk Register'!$J:$J,N$5) -> 0 | O10: =COUNTIFS('Risk Register'!$I:$I,$L10,'Risk Register'!$J:$J,O$5) -> 0 | P10: =COUNTIFS('Risk Register'!$I:$I,$L10,'Risk Register'!$J:$J,P$5) -> 0 | Q10: =COUNTIFS('Risk Register'!$I:$I,$L10,'Risk Register'!$J:$J,Q$5) -> 0
